Kvíc;č.ev.;238;;Kvíc;27401
Kvíc;č.ev.;239;;Kvíc;27401
Kvíc;č.ev.;240;;Kvíc;27401
Kvíc;č.ev.;243;;Kvíc;27401
Kvíc;č.ev.;244;;Kvíc;27401
Kvíc;č.ev.;245;;Kvíc;27401
Kvíc;č.ev.;266;;Kvíc;27401
Kvíc;č.ev.;279;;Kvíc;27401
Kvíc;č.ev.;294;;Kvíc;27401
Kvíc;č.ev.;304;;Kvíc;27401
Kvíc;č.ev.;332;;Kvíc;27401
Kvíc;č.ev.;333;;Kvíc;27401
Kvíc;č.ev.;334;;Kvíc;27401
Kvíc;č.ev.;74;;Kvíc;27401
Kvíc;č.ev.;75;;Kvíc;27401
Kvíc;č.ev.;76;;Kvíc;27401
Kvíc;č.ev.;214;;Kvíc;27401
Kvíc;č.ev.;230;;Kvíc;27401
Kvíc;č.ev.;258;;Kvíc;27401
Kvíc;č.p.;264;;Kvíc;27401
Kvíc;č.ev.;281;;Kvíc;27401
Kvíc;č.ev.;55;;Kvíc;27401
Kvíc;č.ev.;72;;Kvíc;27401
Kvíc;č.ev.;73;;Kvíc;27401
Kvíc;č.ev.;43;;Kvíc;27401
Kvíc;č.ev.;44;;Kvíc;27401
Kvíc;č.ev.;56;;Kvíc;27401
Kvíc;č.ev.;217;;Kvíc;27401
Kvíc;č.ev.;247;;Kvíc;27401
Kvíc;č.ev.;353;;Kvíc;27401
Kvíc;č.ev.;358;;Kvíc;27401
Kvíc;č.p.;240;;Kvíc;27401
Kvíc;č.ev.;365;;Kvíc;27401
